stage,requirement_total
1,589.0
2,570.5
3,561.0
4,556.8
5,561.9
6,576.9
7,711.2
8,745.5
9,776.0
10,788.7
11,797.7
12,815.7
13,813.4
14,808.5
15,813.0
16,818.8
17,812.9
18,814.1
19,893.1
20,994.1
21,936.2
22,857.9
23,860.2
24,804.9
25,546.2
26,526.7
27,518.9
28,517.7
29,525.7
30,546.1
31,659.0
32,691.9
33,722.2
34,735.7
35,744.3
36,754.7
37,760.8
38,755.1
39,759.3
40,762.3
41,766.5
42,785.4
43,868.7
44,942.1
45,892.5
46,814.5
47,804.7
48,755.2
49,542.6
50,521.6
51,513.5
52,511.2
53,518.2
54,536.8
55,613.4
56,646.6
57,675.4
58,696.6
59,707.2
60,716.5
61,715.9
62,711.1
63,713.9
64,718.2
65,718.4
66,727.2
67,823.2
68,932.0
69,887.9
70,807.8
71,624.2
72,572.6
73,536.7
74,515.3
75,507.5
76,505.4
77,514.5
78,538.4
79,616.9
80,649.8
81,676.8
82,697.5
83,700.4
84,711.2
85,713.4
86,708.5
87,711.4
88,714.9
89,716.6
90,737.6
91,835.4
92,919.4
93,867.9
94,802.0
95,613.4
96,567.3
97,532.2
98,505.7
99,500.0
100,500.0
101,506.0
102,532.7
103,616.5
104,645.2
105,669.6
106,686.7
107,689.8
108,696.0
109,701.8
110,699.5
111,697.5
112,702.2
113,715.0
114,761.7
115,880.7
116,911.3
117,850.3
118,784.6
119,605.5
120,556.7
121,533.0
122,512.4
123,500.0
124,500.0
125,503.3
126,529.5
127,630.8
128,660.4
129,689.0
130,709.0
131,713.5
132,722.1
133,721.7
134,719.8
135,729.2
136,733.6
137,745.9
138,788.1
139,927.7
140,907.6
141,863.0
142,783.0
143,612.8
144,557.1
145,537.6
146,517.3
147,509.7
148,508.3
149,519.0
150,546.4
151,628.8
152,660.7
153,691.0
154,709.2
155,715.1
156,722.3
157,724.4
158,718.7
159,723.2
160,730.0
161,735.9
162,794.0
163,977.0
164,951.3
165,889.2
166,818.7
167,616.7
168,570.2
169,532.5
170,526.1
171,516.6
172,515.1
173,525.6
174,552.8
175,666.9
176,693.5
177,727.7
178,750.3
179,752.3
180,760.3
181,762.6
182,757.4
183,757.6
184,762.5
185,770.7
186,811.4
187,989.3
188,982.0
189,940.1
190,853.4
191,642.8
192,591.7
193,539.5
194,518.5
195,514.3
196,513.2
197,526.3
198,552.3
199,653.8
200,673.6
201,703.8
202,721.7
203,724.8
204,734.4
205,735.1
206,727.9
207,740.6
208,749.1
209,741.9
210,769.8
211,946.0
212,965.2
213,900.5
214,819.8
215,620.0
216,569.0
217,545.8
218,529.2
219,517.1
220,516.1
221,527.5
222,561.1
223,656.8
224,677.8
225,707.9
226,722.4
227,731.8
228,735.9
229,734.5
230,741.0
231,744.3
232,739.7
233,735.5
234,741.8
235,903.6
236,978.1
237,928.5
238,834.3
239,633.7
240,579.2
241,577.5
242,558.7
243,545.5
244,545.4
245,557.1
246,570.9
247,695.7
248,724.4
249,741.3
250,774.0
251,789.0
252,796.8
253,796.4
254,785.7
255,791.8
256,799.1
257,804.0
258,811.8
259,926.8
260,1000.0
261,975.2
262,883.5
263,862.2
264,803.1
265,607.8
266,587.2
267,576.2
268,564.1
269,576.4
270,585.5
271,703.8
272,745.0
273,782.2
274,803.6
275,817.8
276,823.3
277,823.8
278,818.6
279,828.2
280,830.6
281,816.8
282,831.4
283,928.3
284,1000.0
285,991.9
286,906.4
287,884.0
288,831.7
289,589.0
290,570.5
291,561.0
292,556.8
293,561.9
294,576.9
295,711.2
296,745.5
297,776.0
298,788.7
299,797.7
300,815.7
301,813.4
302,808.5
303,813.0
304,818.8
305,812.9
306,814.1
307,893.1
308,994.1
309,936.2
310,857.9
311,860.2
312,804.9
313,546.2
314,526.7
315,518.9
316,517.7
317,525.7
318,546.1
319,659.0
320,691.9
321,722.2
322,735.7
323,744.3
324,754.7
325,760.8
326,755.1
327,759.3
328,762.3
329,766.5
330,785.4
331,868.7
332,942.1
333,892.5
334,814.5
335,804.7
336,755.2
337,542.6
338,521.6
339,513.5
340,511.2
341,518.2
342,536.8
343,613.4
344,646.6
345,675.4
346,696.6
347,707.2
348,716.5
349,715.9
350,711.1
351,713.9
352,718.2
353,718.4
354,727.2
355,823.2
356,932.0
357,887.9
358,807.8
359,624.2
360,572.6
361,536.7
362,515.3
363,507.5
364,505.4
365,514.5
366,538.4
367,616.9
368,649.8
369,676.8
370,697.5
371,700.4
372,711.2
373,713.4
374,708.5
375,711.4
376,714.9
377,716.6
378,737.6
379,835.4
380,919.4
381,867.9
382,802.0
383,613.4
384,567.3
385,532.2
386,505.7
387,500.0
388,500.0
389,506.0
390,532.7
391,616.5
392,645.2
393,669.6
394,686.7
395,689.8
396,696.0
397,701.8
398,699.5
399,697.5
400,702.2
401,715.0
402,761.7
403,880.7
404,911.3
405,850.3
406,784.6
407,605.5
408,556.7
409,533.0
410,512.4
411,500.0
412,500.0
413,503.3
414,529.5
415,630.8
416,660.4
417,689.0
418,709.0
419,713.5
420,722.1
421,721.7
422,719.8
423,729.2
424,733.6
425,745.9
426,788.1
427,927.7
428,907.6
429,863.0
430,783.0
431,612.8
432,557.1
433,537.6
434,517.3
435,509.7
436,508.3
437,519.0
438,546.4
439,628.8
440,660.7
441,691.0
442,709.2
443,715.1
444,722.3
445,724.4
446,718.7
447,723.2
448,730.0
449,735.9
450,794.0
451,977.0
452,951.3
453,889.2
454,818.7
455,616.7
456,570.2
457,532.5
458,526.1
459,516.6
460,515.1
461,525.6
462,552.8
463,666.9
464,693.5
465,727.7
466,750.3
467,752.3
468,760.3
469,762.6
470,757.4
471,757.6
472,762.5
473,770.7
474,811.4
475,989.3
476,982.0
477,940.1
478,853.4
479,642.8
480,591.7
481,539.5
482,518.5
483,514.3
484,513.2
485,526.3
486,552.3
487,653.8
488,673.6
489,703.8
490,721.7
491,724.8
492,734.4
493,735.1
494,727.9
495,740.6
496,749.1
497,741.9
498,769.8
499,946.0
500,965.2
501,900.5
502,819.8
503,620.0
504,569.0
505,545.8
506,529.2
507,517.1
508,516.1
509,527.5
510,561.1
511,656.8
512,677.8
513,707.9
514,722.4
515,731.8
516,735.9
517,734.5
518,741.0
519,744.3
520,739.7
521,735.5
522,741.8
523,903.6
524,978.1
525,928.5
526,834.3
527,633.7
528,579.2
529,577.5
530,558.7
531,545.5
532,545.4
533,557.1
534,570.9
535,695.7
536,724.4
537,741.3
538,774.0
539,789.0
540,796.8
541,796.4
542,785.7
543,791.8
544,799.1
545,804.0
546,811.8
547,926.8
548,1000.0
549,975.2
550,883.5
551,862.2
552,803.1
553,607.8
554,587.2
555,576.2
556,564.1
557,576.4
558,585.5
559,703.8
560,745.0
561,782.2
562,803.6
563,817.8
564,823.3
565,823.8
566,818.6
567,828.2
568,830.6
569,816.8
570,831.4
571,928.3
572,1000.0
573,991.9
574,906.4
575,884.0
576,831.7
577,710.1
578,690.7
579,680.9
580,677.4
581,686.7
582,703.0
583,909.5
584,948.6
585,982.7
586,997.3
587,1007.4
588,1021.3
589,1017.9
590,1012.3
591,1015.7
592,1020.0
593,1011.9
594,1012.7
595,1170.8
596,1276.0
597,1215.9
598,1133.6
599,1061.2
600,1002.3
601,673.7
602,657.1
603,648.8
604,647.4
605,655.8
606,677.5
607,868.4
608,908.4
609,941.1
610,956.2
611,965.3
612,976.5
613,981.2
614,975.0
615,977.6
616,979.6
617,982.0
618,1000.9
619,1139.2
620,1217.0
621,1165.1
622,1083.0
623,1003.9
624,951.1
625,683.4
626,665.0
627,656.4
628,653.9
629,661.2
630,681.1
631,829.5
632,870.4
633,902.9
634,925.9
635,936.3
636,946.5
637,945.3
638,939.5
639,940.6
640,944.0
641,941.7
642,949.6
643,1088.0
644,1201.8
645,1155.5
646,1071.6
647,771.7
648,716.7
649,681.7
650,663.6
651,655.3
652,653.0
653,662.5
654,686.3
655,836.7
656,877.2
657,907.5
658,929.6
659,933.1
660,944.5
661,945.5
662,939.8
663,940.8
664,943.4
665,943.6
666,964.1
667,1095.2
668,1183.0
669,1129.1
670,1059.2
671,763.6
672,714.2
673,677.6
674,653.9
675,646.0
676,644.9
677,654.9
678,681.5
679,839.0
680,875.4
681,903.4
682,921.8
683,925.0
684,931.8
685,936.2
686,932.5
687,928.6
688,932.1
689,943.3
690,990.4
691,1142.5
692,1174.9
693,1111.1
694,1041.3
695,756.2
696,703.2
697,677.6
698,659.8
699,643.3
700,641.6
701,652.1
702,678.1
703,857.7
704,894.7
705,926.9
706,948.8
707,953.5
708,963.0
709,961.7
710,957.8
711,965.2
712,968.2
713,978.6
714,1023.8
715,1191.9
716,1170.8
717,1123.5
718,1039.5
719,763.1
720,703.1
721,674.9
722,657.2
723,648.9
724,647.6
725,659.1
726,688.4
727,840.3
728,878.2
729,911.4
730,931.1
731,937.7
732,948.0
733,948.9
734,942.6
735,945.7
736,950.0
737,952.6
738,1014.1
739,1253.1
740,1225.6
741,1161.6
742,1087.0
743,758.7
744,708.6
745,664.6
746,660.4
747,650.4
748,648.8
749,659.8
750,688.9
751,881.8
752,915.5
753,952.5
754,976.4
755,978.5
756,987.1
757,988.6
758,982.6
759,985.2
760,989.7
761,993.3
762,1036.5
763,1271.8
764,1263.1
765,1219.4
766,1128.7
767,779.8
768,725.4
769,670.0
770,647.9
771,643.4
772,641.8
773,651.7
774,679.4
775,853.4
776,879.9
777,913.5
778,932.9
779,936.8
780,946.9
781,947.1
782,939.0
783,950.4
784,954.7
785,946.0
786,973.9
787,1218.1
788,1239.0
789,1171.5
790,1086.4
791,751.9
792,697.2
793,669.3
794,651.8
795,643.6
796,642.5
797,653.1
798,685.5
799,847.2
800,874.9
801,908.1
802,924.3
803,934.3
804,938.5
805,934.4
806,939.0
807,941.4
808,935.7
809,930.6
810,935.3
811,1174.3
812,1251.9
813,1199.7
814,1101.1
815,763.6
816,705.2
817,698.1
818,678.5
819,669.3
820,667.1
821,677.3
822,692.8
823,898.7
824,933.9
825,953.7
826,985.4
827,998.9
828,1007.0
829,1006.1
830,994.9
831,1000.5
832,1006.3
833,1008.6
834,1017.1
835,1205.1
836,1300.0
837,1254.9
838,1158.7
839,1063.9
840,999.7
841,729.4
842,707.9
843,696.5
844,688.2
845,697.2
846,708.1
847,903.6
848,949.8
849,986.9
850,1010.3
851,1025.1
852,1030.4
853,1030.7
854,1024.4
855,1032.5
856,1033.2
857,1016.6
858,1033.6
859,1206.8
860,1300.0
861,1272.4
862,1182.6
863,1086.5
864,1029.5
865,777.6
866,757.8
867,747.7
868,744.2
869,753.6
870,770.2
871,1000.3
872,1040.2
873,1075.0
874,1093.0
875,1103.3
876,1117.5
877,1114.1
878,1108.4
879,1111.8
880,1116.2
881,1108.0
882,1108.9
883,1292.6
884,1399.8
885,1338.6
886,1254.3
887,1163.5
888,1103.3
889,743.3
890,726.4
891,717.9
892,716.5
893,725.0
894,747.1
895,974.2
896,1015.0
897,1048.5
898,1064.1
899,1073.5
900,1085.0
901,1089.6
902,1083.3
903,1086.0
904,1088.0
905,1090.4
906,1098.3
907,1258.6
908,1338.6
909,1285.5
910,1201.4
911,1106.6
912,1052.4
913,755.9
914,737.0
915,728.3
916,725.7
917,733.1
918,753.4
919,930.5
920,972.2
921,1005.5
922,1029.0
923,1039.8
924,1050.2
925,1048.9
926,1043.0
927,1044.0
928,1047.6
929,1045.3
930,1042.2
931,1204.3
932,1320.6
933,1273.3
934,1187.3
935,846.2
936,789.7
937,754.6
938,736.1
939,727.7
940,725.3
941,735.0
942,759.2
943,937.8
944,979.0
945,1010.1
946,1032.8
947,1036.6
948,1048.2
949,1049.2
950,1043.4
951,1044.4
952,1047.2
953,1047.2
954,1056.7
955,1209.0
956,1298.7
957,1243.6
958,1171.8
959,838.5
960,787.8
961,747.7
962,731.3
963,723.3
964,722.1
965,732.3
966,759.4
967,940.5
968,977.6
969,1006.3
970,1025.0
971,1028.6
972,1035.6
973,1040.0
974,1036.3
975,1032.5
976,1036.1
977,1047.2
978,1083.7
979,1257.5
980,1290.8
981,1225.6
982,1153.9
983,834.7
984,780.5
985,747.6
986,729.4
987,721.0
988,719.4
989,730.1
990,756.6
991,962.0
992,1000.0
993,1032.9
994,1055.2
995,1060.3
996,1069.9
997,1068.7
998,1064.7
999,1072.1
1000,1075.2
1001,1074.7
1002,1132.1
1003,1308.1
1004,1286.5
1005,1237.8
1006,1151.9
1007,843.4
1008,782.2
1009,748.7
1010,730.7
1011,722.2
1012,720.9
1013,732.6
1014,762.5
1015,941.6
1016,980.4
1017,1014.4
1018,1034.5
1019,1041.4
1020,1052.0
1021,1052.9
1022,1046.5
1023,1049.7
1024,1054.0
1025,1056.7
1026,1119.3
1027,1375.4
1028,1347.1
1029,1282.1
1030,1205.6
1031,834.4
1032,783.2
1033,733.8
1034,729.3
1035,719.1
1036,717.4
1037,728.6
1038,758.3
1039,987.2
1040,1021.8
1041,1059.6
1042,1083.9
1043,1086.4
1044,1095.0
1045,1096.6
1046,1090.6
1047,1093.1
1048,1097.7
1049,1101.3
1050,1145.5
1051,1395.8
1052,1386.5
1053,1341.8
1054,1249.1
1055,851.2
1056,795.6
1057,739.65
1058,717.56
1059,714.47
1060,712.86
1061,722.96
1062,751.51
1063,954.41
1064,980.4100000000001
1065,1014.95
1066,1035.1
1067,1039.1
1068,1049.41
1069,1049.53
1070,1041.05
1071,1053.48
1072,1057.98
1073,1046.69
1074,1070.65
1075,1341.87
1076,1361.02
1077,1291.0700000000002
1078,1203.48
1079,826.5
1080,770.12
1081,739.62
1082,722.73
1083,715.68
1084,714.61
1085,725.48
1086,759.17
1087,949.44
1088,976.77
1089,1010.9
1090,1027.13
1091,1037.96
1092,1041.75
1093,1037.05
1094,1042.67
1095,1045.13
1096,1038.54
1097,1030.99
1098,1028.73
1099,1293.27
1100,1375.42
1101,1322.3200000000002
1102,1219.94
1103,839.63
1104,779.29
1105,771.6
1106,752.62
1107,744.72
1108,742.43
1109,752.81
1110,767.66
1111,1007.03
1112,1042.54
1113,1061.55
1114,1094.83
1115,1109.59
1116,1117.65
1117,1116.55
1118,1104.66
1119,1110.66
1120,1116.81
1121,1117.08
1122,1119.02
1123,1326.6599999999999
1124,1400.0
1125,1382.98
1126,1283.55
1127,1169.46
1128,1104.55
1129,806.12
1130,785.31
1131,775.26
1132,766.1800000000001
1133,775.17
1134,784.78
1135,1012.38
1136,1060.21
1137,1098.43
1138,1122.46
1139,1138.73
1140,1143.66
1141,1143.88
1142,1137.43
1143,1146.21
1144,1146.67
1145,1125.63
1146,1137.53
1147,1327.62
1148,1400.0
1149,1400.0
1150,1309.99
1151,1194.67
1152,1137.8600000000001
1153,777.6
1154,757.8
1155,747.7
1156,744.2
1157,753.6
1158,770.2
1159,1000.3
1160,1040.2
1161,1075.0
1162,1093.0
1163,1103.3
1164,1117.5
1165,1114.1
1166,1108.4
1167,1111.8
1168,1116.2
1169,1108.0
1170,1108.9
1171,1292.6
1172,1399.8
1173,1338.6
1174,1254.3
1175,1163.5
1176,1103.3
1177,743.3
1178,726.4
1179,717.9
1180,716.5
1181,725.0
1182,747.1
1183,974.2
1184,1015.0
1185,1048.5
1186,1064.1
1187,1073.5
1188,1085.0
1189,1089.6
1190,1083.3
1191,1086.0
1192,1088.0
1193,1090.4
1194,1098.3
1195,1258.6
1196,1338.6
1197,1285.5
1198,1201.4
1199,1106.6
1200,1052.4
1201,755.9
1202,737.0
1203,728.3
1204,725.7
1205,733.1
1206,753.4
1207,930.5
1208,972.2
1209,1005.5
1210,1029.0
1211,1039.8
1212,1050.2
1213,1048.9
1214,1043.0
1215,1044.0
1216,1047.6
1217,1045.3
1218,1042.2
1219,1204.3
1220,1320.6
1221,1273.3
1222,1187.3
1223,846.2
1224,789.7
1225,754.6
1226,736.1
1227,727.7
1228,725.3
1229,735.0
1230,759.2
1231,937.8
1232,979.0
1233,1010.1
1234,1032.8
1235,1036.6
1236,1048.2
1237,1049.2
1238,1043.4
1239,1044.4
1240,1047.2
1241,1047.2
1242,1056.7
1243,1209.0
1244,1298.7
1245,1243.6
1246,1171.8
1247,838.5
1248,787.8
1249,747.7
1250,731.3
1251,723.3
1252,722.1
1253,732.3
1254,759.4
1255,940.5
1256,977.6
1257,1006.3
1258,1025.0
1259,1028.6
1260,1035.6
1261,1040.0
1262,1036.3
1263,1032.5
1264,1036.1
1265,1047.2
1266,1083.7
1267,1257.5
1268,1290.8
1269,1225.6
1270,1153.9
1271,834.7
1272,780.5
1273,747.6
1274,729.4
1275,721.0
1276,719.4
1277,730.1
1278,756.6
1279,962.0
1280,1000.0
1281,1032.9
1282,1055.2
1283,1060.3
1284,1069.9
1285,1068.7
1286,1064.7
1287,1072.1
1288,1075.2
1289,1074.7
1290,1132.1
1291,1308.1
1292,1286.5
1293,1237.8
1294,1151.9
1295,843.4
1296,782.2
1297,748.7
1298,730.7
1299,722.2
1300,720.9
1301,732.6
1302,762.5
1303,941.6
1304,980.4
1305,1014.4
1306,1034.5
1307,1041.4
1308,1052.0
1309,1052.9
1310,1046.5
1311,1049.7
1312,1054.0
1313,1056.7
1314,1119.3
1315,1375.4
1316,1347.1
1317,1282.1
1318,1205.6
1319,834.4
1320,783.2
1321,733.8
1322,729.3
1323,719.1
1324,717.4
1325,728.6
1326,758.3
1327,987.2
1328,1021.8
1329,1059.6
1330,1083.9
1331,1086.4
1332,1095.0
1333,1096.6
1334,1090.6
1335,1093.1
1336,1097.7
1337,1101.3
1338,1145.5
1339,1395.8
1340,1386.5
1341,1341.8
1342,1249.1
1343,851.2
1344,795.6
1345,739.65
1346,717.56
1347,714.47
1348,712.86
1349,722.96
1350,751.51
1351,954.41
1352,980.4100000000001
1353,1014.95
1354,1035.1
1355,1039.1
1356,1049.41
1357,1049.53
1358,1041.05
1359,1053.48
1360,1057.98
1361,1046.69
1362,1070.65
1363,1341.87
1364,1361.02
1365,1291.0700000000002
1366,1203.48
1367,826.5
1368,770.12
1369,739.62
1370,722.73
1371,715.68
1372,714.61
1373,725.48
1374,759.17
1375,949.44
1376,976.77
1377,1010.9
1378,1027.13
1379,1037.96
1380,1041.75
1381,1037.05
1382,1042.67
1383,1045.13
1384,1038.54
1385,1030.99
1386,1028.73
1387,1293.27
1388,1375.42
1389,1322.3200000000002
1390,1219.94
1391,839.63
1392,779.29
1393,771.6
1394,752.62
1395,744.72
1396,742.43
1397,752.81
1398,767.66
1399,1007.03
1400,1042.54
1401,1061.55
1402,1094.83
1403,1109.59
1404,1117.65
1405,1116.55
1406,1104.66
1407,1110.66
1408,1116.81
1409,1117.08
1410,1119.02
1411,1326.6599999999999
1412,1400.0
1413,1382.98
1414,1283.55
1415,1169.46
1416,1104.55
1417,806.12
1418,785.31
1419,775.26
1420,766.1800000000001
1421,775.17
1422,784.78
1423,1012.38
1424,1060.21
1425,1098.43
1426,1122.46
1427,1138.73
1428,1143.66
1429,1143.88
1430,1137.43
1431,1146.21
1432,1146.67
1433,1125.63
1434,1137.53
1435,1327.62
1436,1400.0
1437,1400.0
1438,1309.99
1439,1194.67
1440,1137.8600000000001
1441,777.6
1442,757.8
1443,747.7
1444,744.2
1445,753.6
1446,770.2
1447,1000.3
1448,1040.2
1449,1075.0
1450,1093.0
1451,1103.3
1452,1117.5
1453,1114.1
1454,1108.4
1455,1111.8
1456,1116.2
1457,1108.0
1458,1108.9
1459,1292.6
1460,1399.8
1461,1338.6
1462,1254.3
1463,1163.5
1464,1103.3
1465,743.3
1466,726.4
1467,717.9
1468,716.5
1469,725.0
1470,747.1
1471,974.2
1472,1015.0
1473,1048.5
1474,1064.1
1475,1073.5
1476,1085.0
1477,1089.6
1478,1083.3
1479,1086.0
1480,1088.0
1481,1090.4
1482,1098.3
1483,1258.6
1484,1338.6
1485,1285.5
1486,1201.4
1487,1106.6
1488,1052.4
1489,755.9
1490,737.0
1491,728.3
1492,725.7
1493,733.1
1494,753.4
1495,930.5
1496,972.2
1497,1005.5
1498,1029.0
1499,1039.8
1500,1050.2
1501,1048.9
1502,1043.0
1503,1044.0
1504,1047.6
1505,1045.3
1506,1042.2
1507,1204.3
1508,1320.6
1509,1273.3
1510,1187.3
1511,846.2
1512,789.7
1513,754.6
1514,736.1
1515,727.7
1516,725.3
1517,735.0
1518,759.2
1519,937.8
1520,979.0
1521,1010.1
1522,1032.8
1523,1036.6
1524,1048.2
1525,1049.2
1526,1043.4
1527,1044.4
1528,1047.2
1529,1047.2
1530,1056.7
1531,1209.0
1532,1298.7
1533,1243.6
1534,1171.8
1535,838.5
1536,787.8
1537,747.7
1538,731.3
1539,723.3
1540,722.1
1541,732.3
1542,759.4
1543,940.5
1544,977.6
1545,1006.3
1546,1025.0
1547,1028.6
1548,1035.6
1549,1040.0
1550,1036.3
1551,1032.5
1552,1036.1
1553,1047.2
1554,1083.7
1555,1257.5
1556,1290.8
1557,1225.6
1558,1153.9
1559,834.7
1560,780.5
1561,747.6
1562,729.4
1563,721.0
1564,719.4
1565,730.1
1566,756.6
1567,962.0
1568,1000.0
1569,1032.9
1570,1055.2
1571,1060.3
1572,1069.9
1573,1068.7
1574,1064.7
1575,1072.1
1576,1075.2
1577,1074.7
1578,1132.1
1579,1308.1
1580,1286.5
1581,1237.8
1582,1151.9
1583,843.4
1584,782.2
1585,748.7
1586,730.7
1587,722.2
1588,720.9
1589,732.6
1590,762.5
1591,941.6
1592,980.4
1593,1014.4
1594,1034.5
1595,1041.4
1596,1052.0
1597,1052.9
1598,1046.5
1599,1049.7
1600,1054.0
1601,1056.7
1602,1119.3
1603,1375.4
1604,1347.1
1605,1282.1
1606,1205.6
1607,834.4
1608,783.2
1609,733.8
1610,729.3
1611,719.1
1612,717.4
1613,728.6
1614,758.3
1615,987.2
1616,1021.8
1617,1059.6
1618,1083.9
1619,1086.4
1620,1095.0
1621,1096.6
1622,1090.6
1623,1093.1
1624,1097.7
1625,1101.3
1626,1145.5
1627,1395.8
1628,1386.5
1629,1341.8
1630,1249.1
1631,851.2
1632,795.6
1633,739.65
1634,717.56
1635,714.47
1636,712.86
1637,722.96
1638,751.51
1639,954.41
1640,980.4100000000001
1641,1014.95
1642,1035.1
1643,1039.1
1644,1049.41
1645,1049.53
1646,1041.05
1647,1053.48
1648,1057.98
1649,1046.69
1650,1070.65
1651,1341.87
1652,1361.02
1653,1291.0700000000002
1654,1203.48
1655,826.5
1656,770.12
1657,739.62
1658,722.73
1659,715.68
1660,714.61
1661,725.48
1662,759.17
1663,949.44
1664,976.77
1665,1010.9
1666,1027.13
1667,1037.96
1668,1041.75
1669,1037.05
1670,1042.67
1671,1045.13
1672,1038.54
1673,1030.99
1674,1028.73
1675,1293.27
1676,1375.42
1677,1322.3200000000002
1678,1219.94
1679,839.63
1680,779.29
1681,771.6
1682,752.62
1683,744.72
1684,742.43
1685,752.81
1686,767.66
1687,1007.03
1688,1042.54
1689,1061.55
1690,1094.83
1691,1109.59
1692,1117.65
1693,1116.55
1694,1104.66
1695,1110.66
1696,1116.81
1697,1117.08
1698,1119.02
1699,1326.6599999999999
1700,1400.0
1701,1382.98
1702,1283.55
1703,1169.46
1704,1104.55
1705,806.12
1706,785.31
1707,775.26
1708,766.1800000000001
1709,775.17
1710,784.78
1711,1012.38
1712,1060.21
1713,1098.43
1714,1122.46
1715,1138.73
1716,1143.66
1717,1143.88
1718,1137.43
1719,1146.21
1720,1146.67
1721,1125.63
1722,1137.53
1723,1327.62
1724,1400.0
1725,1400.0
1726,1309.99
1727,1194.67
1728,1137.8600000000001
1729,777.6
1730,757.8
1731,747.7
1732,744.2
1733,753.6
1734,770.2
1735,1000.3
1736,1040.2
1737,1075.0
1738,1093.0
1739,1103.3
1740,1117.5
1741,1114.1
1742,1108.4
1743,1111.8
1744,1116.2
1745,1108.0
1746,1108.9
1747,1292.6
1748,1399.8
1749,1338.6
1750,1254.3
1751,1163.5
1752,1103.3
1753,743.3
1754,726.4
1755,717.9
1756,716.5
1757,725.0
1758,747.1
1759,974.2
1760,1015.0
1761,1048.5
1762,1064.1
1763,1073.5
1764,1085.0
1765,1089.6
1766,1083.3
1767,1086.0
1768,1088.0
1769,1090.4
1770,1098.3
1771,1258.6
1772,1338.6
1773,1285.5
1774,1201.4
1775,1106.6
1776,1052.4
1777,755.9
1778,737.0
1779,728.3
1780,725.7
1781,733.1
1782,753.4
1783,930.5
1784,972.2
1785,1005.5
1786,1029.0
1787,1039.8
1788,1050.2
1789,1048.9
1790,1043.0
1791,1044.0
1792,1047.6
1793,1045.3
1794,1042.2
1795,1204.3
1796,1320.6
1797,1273.3
1798,1187.3
1799,846.2
1800,789.7
1801,754.6
1802,736.1
1803,727.7
1804,725.3
1805,735.0
1806,759.2
1807,937.8
1808,979.0
1809,1010.1
1810,1032.8
1811,1036.6
1812,1048.2
1813,1049.2
1814,1043.4
1815,1044.4
1816,1047.2
1817,1047.2
1818,1056.7
1819,1209.0
1820,1298.7
1821,1243.6
1822,1171.8
1823,838.5
1824,787.8
1825,747.7
1826,731.3
1827,723.3
1828,722.1
1829,732.3
1830,759.4
1831,940.5
1832,977.6
1833,1006.3
1834,1025.0
1835,1028.6
1836,1035.6
1837,1040.0
1838,1036.3
1839,1032.5
1840,1036.1
1841,1047.2
1842,1083.7
1843,1257.5
1844,1290.8
1845,1225.6
1846,1153.9
1847,834.7
1848,780.5
1849,747.6
1850,729.4
1851,721.0
1852,719.4
1853,730.1
1854,756.6
1855,962.0
1856,1000.0
1857,1032.9
1858,1055.2
1859,1060.3
1860,1069.9
1861,1068.7
1862,1064.7
1863,1072.1
1864,1075.2
1865,1074.7
1866,1132.1
1867,1308.1
1868,1286.5
1869,1237.8
1870,1151.9
1871,843.4
1872,782.2
1873,748.7
1874,730.7
1875,722.2
1876,720.9
1877,732.6
1878,762.5
1879,941.6
1880,980.4
1881,1014.4
1882,1034.5
1883,1041.4
1884,1052.0
1885,1052.9
1886,1046.5
1887,1049.7
1888,1054.0
1889,1056.7
1890,1119.3
1891,1375.4
1892,1347.1
1893,1282.1
1894,1205.6
1895,834.4
1896,783.2
1897,733.8
1898,729.3
1899,719.1
1900,717.4
1901,728.6
1902,758.3
1903,987.2
1904,1021.8
1905,1059.6
1906,1083.9
1907,1086.4
1908,1095.0
1909,1096.6
1910,1090.6
1911,1093.1
1912,1097.7
1913,1101.3
1914,1145.5
1915,1395.8
1916,1386.5
1917,1341.8
1918,1249.1
1919,851.2
1920,795.6
1921,739.65
1922,717.56
1923,714.47
1924,712.86
1925,722.96
1926,751.51
1927,954.41
1928,980.4100000000001
1929,1014.95
1930,1035.1
1931,1039.1
1932,1049.41
1933,1049.53
1934,1041.05
1935,1053.48
1936,1057.98
1937,1046.69
1938,1070.65
1939,1341.87
1940,1361.02
1941,1291.0700000000002
1942,1203.48
1943,826.5
1944,770.12
1945,739.62
1946,722.73
1947,715.68
1948,714.61
1949,725.48
1950,759.17
1951,949.44
1952,976.77
1953,1010.9
1954,1027.13
1955,1037.96
1956,1041.75
1957,1037.05
1958,1042.67
1959,1045.13
1960,1038.54
1961,1030.99
1962,1028.73
1963,1293.27
1964,1375.42
1965,1322.3200000000002
1966,1219.94
1967,839.63
1968,779.29
1969,771.6
1970,752.62
1971,744.72
1972,742.43
1973,752.81
1974,767.66
1975,1007.03
1976,1042.54
1977,1061.55
1978,1094.83
1979,1109.59
1980,1117.65
1981,1116.55
1982,1104.66
1983,1110.66
1984,1116.81
1985,1117.08
1986,1119.02
1987,1326.6599999999999
1988,1400.0
1989,1382.98
1990,1283.55
1991,1169.46
1992,1104.55
1993,806.12
1994,785.31
1995,775.26
1996,766.1800000000001
1997,775.17
1998,784.78
1999,1012.38
2000,1060.21
2001,1098.43
2002,1122.46
2003,1138.73
2004,1143.66
2005,1143.88
2006,1137.43
2007,1146.21
2008,1146.67
2009,1125.63
2010,1137.53
2011,1327.62
2012,1400.0
2013,1400.0
2014,1309.99
2015,1194.67
2016,1137.8600000000001
2017,777.6
2018,757.8
2019,747.7
2020,744.2
2021,753.6
2022,770.2
2023,1000.3
2024,1040.2
2025,1075.0
2026,1093.0
2027,1103.3
2028,1117.5
2029,1114.1
2030,1108.4
2031,1111.8
2032,1116.2
2033,1108.0
2034,1108.9
2035,1292.6
2036,1399.8
2037,1338.6
2038,1254.3
2039,1163.5
2040,1103.3
2041,743.3
2042,726.4
2043,717.9
2044,716.5
2045,725.0
2046,747.1
2047,974.2
2048,1015.0
2049,1048.5
2050,1064.1
2051,1073.5
2052,1085.0
2053,1089.6
2054,1083.3
2055,1086.0
2056,1088.0
2057,1090.4
2058,1098.3
2059,1258.6
2060,1338.6
2061,1285.5
2062,1201.4
2063,1106.6
2064,1052.4
2065,755.9
2066,737.0
2067,728.3
2068,725.7
2069,733.1
2070,753.4
2071,930.5
2072,972.2
2073,1005.5
2074,1029.0
2075,1039.8
2076,1050.2
2077,1048.9
2078,1043.0
2079,1044.0
2080,1047.6
2081,1045.3
2082,1042.2
2083,1204.3
2084,1320.6
2085,1273.3
2086,1187.3
2087,846.2
2088,789.7
2089,754.6
2090,736.1
2091,727.7
2092,725.3
2093,735.0
2094,759.2
2095,937.8
2096,979.0
2097,1010.1
2098,1032.8
2099,1036.6
2100,1048.2
2101,1049.2
2102,1043.4
2103,1044.4
2104,1047.2
2105,1047.2
2106,1056.7
2107,1209.0
2108,1298.7
2109,1243.6
2110,1171.8
2111,838.5
2112,787.8
2113,747.7
2114,731.3
2115,723.3
2116,722.1
2117,732.3
2118,759.4
2119,940.5
2120,977.6
2121,1006.3
2122,1025.0
2123,1028.6
2124,1035.6
2125,1040.0
2126,1036.3
2127,1032.5
2128,1036.1
2129,1047.2
2130,1083.7
2131,1257.5
2132,1290.8
2133,1225.6
2134,1153.9
2135,834.7
2136,780.5
2137,747.6
2138,729.4
2139,721.0
2140,719.4
2141,730.1
2142,756.6
2143,962.0
2144,1000.0
2145,1032.9
2146,1055.2
2147,1060.3
2148,1069.9
2149,1068.7
2150,1064.7
2151,1072.1
2152,1075.2
2153,1074.7
2154,1132.1
2155,1308.1
2156,1286.5
2157,1237.8
2158,1151.9
2159,843.4
2160,782.2
2161,748.7
2162,730.7
2163,722.2
2164,720.9
2165,732.6
2166,762.5
2167,941.6
2168,980.4
2169,1014.4
2170,1034.5
2171,1041.4
2172,1052.0
2173,1052.9
2174,1046.5
2175,1049.7
2176,1054.0
2177,1056.7
2178,1119.3
2179,1375.4
2180,1347.1
2181,1282.1
2182,1205.6
2183,834.4
2184,783.2
2185,733.8
2186,729.3
2187,719.1
2188,717.4
2189,728.6
2190,758.3
2191,987.2
2192,1021.8
2193,1059.6
2194,1083.9
2195,1086.4
2196,1095.0
2197,1096.6
2198,1090.6
2199,1093.1
2200,1097.7
2201,1101.3
2202,1145.5
2203,1395.8
2204,1386.5
2205,1341.8
2206,1249.1
2207,851.2
2208,795.6
2209,739.65
2210,717.56
2211,714.47
2212,712.86
2213,722.96
2214,751.51
2215,954.41
2216,980.4100000000001
2217,1014.95
2218,1035.1
2219,1039.1
2220,1049.41
2221,1049.53
2222,1041.05
2223,1053.48
2224,1057.98
2225,1046.69
2226,1070.65
2227,1341.87
2228,1361.02
2229,1291.0700000000002
2230,1203.48
2231,826.5
2232,770.12
2233,739.62
2234,722.73
2235,715.68
2236,714.61
2237,725.48
2238,759.17
2239,949.44
2240,976.77
2241,1010.9
2242,1027.13
2243,1037.96
2244,1041.75
2245,1037.05
2246,1042.67
2247,1045.13
2248,1038.54
2249,1030.99
2250,1028.73
2251,1293.27
2252,1375.42
2253,1322.3200000000002
2254,1219.94
2255,839.63
2256,779.29
2257,771.6
2258,752.62
2259,744.72
2260,742.43
2261,752.81
2262,767.66
2263,1007.03
2264,1042.54
2265,1061.55
2266,1094.83
2267,1109.59
2268,1117.65
2269,1116.55
2270,1104.66
2271,1110.66
2272,1116.81
2273,1117.08
2274,1119.02
2275,1326.6599999999999
2276,1400.0
2277,1382.98
2278,1283.55
2279,1169.46
2280,1104.55
2281,806.12
2282,785.31
2283,775.26
2284,766.1800000000001
2285,775.17
2286,784.78
2287,1012.38
2288,1060.21
2289,1098.43
2290,1122.46
2291,1138.73
2292,1143.66
2293,1143.88
2294,1137.43
2295,1146.21
2296,1146.67
2297,1125.63
2298,1137.53
2299,1327.62
2300,1400.0
2301,1400.0
2302,1309.99
2303,1194.67
2304,1137.8600000000001
2305,777.6
2306,757.8
2307,747.7
2308,744.2
2309,753.6
2310,770.2
2311,1000.3
2312,1040.2
2313,1075.0
2314,1093.0
2315,1103.3
2316,1117.5
2317,1114.1
2318,1108.4
2319,1111.8
2320,1116.2
2321,1108.0
2322,1108.9
2323,1292.6
2324,1399.8
2325,1338.6
2326,1254.3
2327,1163.5
2328,1103.3
2329,743.3
2330,726.4
2331,717.9
2332,716.5
2333,725.0
2334,747.1
2335,974.2
2336,1015.0
2337,1048.5
2338,1064.1
2339,1073.5
2340,1085.0
2341,1089.6
2342,1083.3
2343,1086.0
2344,1088.0
2345,1090.4
2346,1098.3
2347,1258.6
2348,1338.6
2349,1285.5
2350,1201.4
2351,1106.6
2352,1052.4
2353,755.9
2354,737.0
2355,728.3
2356,725.7
2357,733.1
2358,753.4
2359,930.5
2360,972.2
2361,1005.5
2362,1029.0
2363,1039.8
2364,1050.2
2365,1048.9
2366,1043.0
2367,1044.0
2368,1047.6
2369,1045.3
2370,1042.2
2371,1204.3
2372,1320.6
2373,1273.3
2374,1187.3
2375,846.2
2376,789.7
2377,754.6
2378,736.1
2379,727.7
2380,725.3
2381,735.0
2382,759.2
2383,937.8
2384,979.0
2385,1010.1
2386,1032.8
2387,1036.6
2388,1048.2
2389,1049.2
2390,1043.4
2391,1044.4
2392,1047.2
2393,1047.2
2394,1056.7
2395,1209.0
2396,1298.7
2397,1243.6
2398,1171.8
2399,838.5
2400,787.8
2401,747.7
2402,731.3
2403,723.3
2404,722.1
2405,732.3
2406,759.4
2407,940.5
2408,977.6
2409,1006.3
2410,1025.0
2411,1028.6
2412,1035.6
2413,1040.0
2414,1036.3
2415,1032.5
2416,1036.1
2417,1047.2
2418,1083.7
2419,1257.5
2420,1290.8
2421,1225.6
2422,1153.9
2423,834.7
2424,780.5
2425,747.6
2426,729.4
2427,721.0
2428,719.4
2429,730.1
2430,756.6
2431,962.0
2432,1000.0
2433,1032.9
2434,1055.2
2435,1060.3
2436,1069.9
2437,1068.7
2438,1064.7
2439,1072.1
2440,1075.2
2441,1074.7
2442,1132.1
2443,1308.1
2444,1286.5
2445,1237.8
2446,1151.9
2447,843.4
2448,782.2
2449,748.7
2450,730.7
2451,722.2
2452,720.9
2453,732.6
2454,762.5
2455,941.6
2456,980.4
2457,1014.4
2458,1034.5
2459,1041.4
2460,1052.0
2461,1052.9
2462,1046.5
2463,1049.7
2464,1054.0
2465,1056.7
2466,1119.3
2467,1375.4
2468,1347.1
2469,1282.1
2470,1205.6
2471,834.4
2472,783.2
2473,733.8
2474,729.3
2475,719.1
2476,717.4
2477,728.6
2478,758.3
2479,987.2
2480,1021.8
2481,1059.6
2482,1083.9
2483,1086.4
2484,1095.0
2485,1096.6
2486,1090.6
2487,1093.1
2488,1097.7
2489,1101.3
2490,1145.5
2491,1395.8
2492,1386.5
2493,1341.8
2494,1249.1
2495,851.2
2496,795.6
2497,739.65
2498,717.56
2499,714.47
2500,712.86
2501,722.96
2502,751.51
2503,954.41
2504,980.4100000000001
2505,1014.95
2506,1035.1
2507,1039.1
2508,1049.41
2509,1049.53
2510,1041.05
2511,1053.48
2512,1057.98
2513,1046.69
2514,1070.65
2515,1341.87
2516,1361.02
2517,1291.0700000000002
2518,1203.48
2519,826.5
2520,770.12
2521,739.62
2522,722.73
2523,715.68
2524,714.61
2525,725.48
2526,759.17
2527,949.44
2528,976.77
2529,1010.9
2530,1027.13
2531,1037.96
2532,1041.75
2533,1037.05
2534,1042.67
2535,1045.13
2536,1038.54
2537,1030.99
2538,1028.73
2539,1293.27
2540,1375.42
2541,1322.3200000000002
2542,1219.94
2543,839.63
2544,779.29
2545,771.6
2546,752.62
2547,744.72
2548,742.43
2549,752.81
2550,767.66
2551,1007.03
2552,1042.54
2553,1061.55
2554,1094.83
2555,1109.59
2556,1117.65
2557,1116.55
2558,1104.66
2559,1110.66
2560,1116.81
2561,1117.08
2562,1119.02
2563,1326.6599999999999
2564,1400.0
2565,1382.98
2566,1283.55
2567,1169.46
2568,1104.55
2569,806.12
2570,785.31
2571,775.26
2572,766.1800000000001
2573,775.17
2574,784.78
2575,1012.38
2576,1060.21
2577,1098.43
2578,1122.46
2579,1138.73
2580,1143.66
2581,1143.88
2582,1137.43
2583,1146.21
2584,1146.67
2585,1125.63
2586,1137.53
2587,1327.62
2588,1400.0
2589,1400.0
2590,1309.99
2591,1194.67
2592,1137.8600000000001
2593,777.6
2594,757.8
2595,747.7
2596,744.2
2597,753.6
2598,770.2
2599,1000.3
2600,1040.2
2601,1075.0
2602,1093.0
2603,1103.3
2604,1117.5
2605,1114.1
2606,1108.4
2607,1111.8
2608,1116.2
2609,1108.0
2610,1108.9
2611,1292.6
2612,1399.8
2613,1338.6
2614,1254.3
2615,1163.5
2616,1103.3
2617,743.3
2618,726.4
2619,717.9
2620,716.5
2621,725.0
2622,747.1
2623,974.2
2624,1015.0
2625,1048.5
2626,1064.1
2627,1073.5
2628,1085.0
2629,1089.6
2630,1083.3
2631,1086.0
2632,1088.0
2633,1090.4
2634,1098.3
2635,1258.6
2636,1338.6
2637,1285.5
2638,1201.4
2639,1106.6
2640,1052.4
2641,755.9
2642,737.0
2643,728.3
2644,725.7
2645,733.1
2646,753.4
2647,930.5
2648,972.2
2649,1005.5
2650,1029.0
2651,1039.8
2652,1050.2
2653,1048.9
2654,1043.0
2655,1044.0
2656,1047.6
2657,1045.3
2658,1042.2
2659,1204.3
2660,1320.6
2661,1273.3
2662,1187.3
2663,846.2
2664,789.7
2665,754.6
2666,736.1
2667,727.7
2668,725.3
2669,735.0
2670,759.2
2671,937.8
2672,979.0
2673,1010.1
2674,1032.8
2675,1036.6
2676,1048.2
2677,1049.2
2678,1043.4
2679,1044.4
2680,1047.2
2681,1047.2
2682,1056.7
2683,1209.0
2684,1298.7
2685,1243.6
2686,1171.8
2687,838.5
2688,787.8
2689,747.7
2690,731.3
2691,723.3
2692,722.1
2693,732.3
2694,759.4
2695,940.5
2696,977.6
2697,1006.3
2698,1025.0
2699,1028.6
2700,1035.6
2701,1040.0
2702,1036.3
2703,1032.5
2704,1036.1
2705,1047.2
2706,1083.7
2707,1257.5
2708,1290.8
2709,1225.6
2710,1153.9
2711,834.7
2712,780.5
2713,747.6
2714,729.4
2715,721.0
2716,719.4
2717,730.1
2718,756.6
2719,962.0
2720,1000.0
2721,1032.9
2722,1055.2
2723,1060.3
2724,1069.9
2725,1068.7
2726,1064.7
2727,1072.1
2728,1075.2
2729,1074.7
2730,1132.1
2731,1308.1
2732,1286.5
2733,1237.8
2734,1151.9
2735,843.4
2736,782.2
2737,748.7
2738,730.7
2739,722.2
2740,720.9
2741,732.6
2742,762.5
2743,941.6
2744,980.4
2745,1014.4
2746,1034.5
2747,1041.4
2748,1052.0
2749,1052.9
2750,1046.5
2751,1049.7
2752,1054.0
2753,1056.7
2754,1119.3
2755,1375.4
2756,1347.1
2757,1282.1
2758,1205.6
2759,834.4
2760,783.2
2761,733.8
2762,729.3
2763,719.1
2764,717.4
2765,728.6
2766,758.3
2767,987.2
2768,1021.8
2769,1059.6
2770,1083.9
2771,1086.4
2772,1095.0
2773,1096.6
2774,1090.6
2775,1093.1
2776,1097.7
2777,1101.3
2778,1145.5
2779,1395.8
2780,1386.5
2781,1341.8
2782,1249.1
2783,851.2
2784,795.6
2785,739.65
2786,717.56
2787,714.47
2788,712.86
2789,722.96
2790,751.51
2791,954.41
2792,980.4100000000001
2793,1014.95
2794,1035.1
2795,1039.1
2796,1049.41
2797,1049.53
2798,1041.05
2799,1053.48
2800,1057.98
2801,1046.69
2802,1070.65
2803,1341.87
2804,1361.02
2805,1291.0700000000002
2806,1203.48
2807,826.5
2808,770.12
2809,739.62
2810,722.73
2811,715.68
2812,714.61
2813,725.48
2814,759.17
2815,949.44
2816,976.77
2817,1010.9
2818,1027.13
2819,1037.96
2820,1041.75
2821,1037.05
2822,1042.67
2823,1045.13
2824,1038.54
2825,1030.99
2826,1028.73
2827,1293.27
2828,1375.42
2829,1322.3200000000002
2830,1219.94
2831,839.63
2832,779.29
2833,771.6
2834,752.62
2835,744.72
2836,742.43
2837,752.81
2838,767.66
2839,1007.03
2840,1042.54
2841,1061.55
2842,1094.83
2843,1109.59
2844,1117.65
2845,1116.55
2846,1104.66
2847,1110.66
2848,1116.81
2849,1117.08
2850,1119.02
2851,1326.6599999999999
2852,1400.0
2853,1382.98
2854,1283.55
2855,1169.46
2856,1104.55
2857,806.12
2858,785.31
2859,775.26
2860,766.1800000000001
2861,775.17
2862,784.78
2863,1012.38
2864,1060.21
2865,1098.43
2866,1122.46
2867,1138.73
2868,1143.66
2869,1143.88
2870,1137.43
2871,1146.21
2872,1146.67
2873,1125.63
2874,1137.53
2875,1327.62
2876,1400.0
2877,1400.0
2878,1309.99
2879,1194.67
2880,1137.8600000000001
2881,777.6
2882,757.8
2883,747.7
2884,744.2
2885,753.6
2886,770.2
2887,1000.3
2888,1040.2
2889,1075.0
2890,1093.0
2891,1103.3
2892,1117.5
2893,1114.1
2894,1108.4
2895,1111.8
2896,1116.2
2897,1108.0
2898,1108.9
2899,1292.6
2900,1399.8
2901,1338.6
2902,1254.3
2903,1163.5
2904,1103.3
2905,743.3
2906,726.4
2907,717.9
2908,716.5
2909,725.0
2910,747.1
2911,974.2
2912,1015.0
2913,1048.5
2914,1064.1
2915,1073.5
2916,1085.0
2917,1089.6
2918,1083.3
2919,1086.0
2920,1088.0
2921,1090.4
2922,1098.3
2923,1258.6
2924,1338.6
2925,1285.5
2926,1201.4
2927,1106.6
2928,1052.4
2929,755.9
2930,737.0
2931,728.3
2932,725.7
2933,733.1
2934,753.4
2935,930.5
2936,972.2
2937,1005.5
2938,1029.0
2939,1039.8
2940,1050.2
2941,1048.9
2942,1043.0
2943,1044.0
2944,1047.6
2945,1045.3
2946,1042.2
2947,1204.3
2948,1320.6
2949,1273.3
2950,1187.3
2951,846.2
2952,789.7
2953,754.6
2954,736.1
2955,727.7
2956,725.3
2957,735.0
2958,759.2
2959,937.8
2960,979.0
2961,1010.1
2962,1032.8
2963,1036.6
2964,1048.2
2965,1049.2
2966,1043.4
2967,1044.4
2968,1047.2
2969,1047.2
2970,1056.7
2971,1209.0
2972,1298.7
2973,1243.6
2974,1171.8
2975,838.5
2976,787.8
2977,747.7
2978,731.3
2979,723.3
2980,722.1
2981,732.3
2982,759.4
2983,940.5
2984,977.6
2985,1006.3
2986,1025.0
2987,1028.6
2988,1035.6
2989,1040.0
2990,1036.3
2991,1032.5
2992,1036.1
2993,1047.2
2994,1083.7
2995,1257.5
2996,1290.8
2997,1225.6
2998,1153.9
2999,834.7
3000,780.5
3001,747.6
3002,729.4
3003,721.0
3004,719.4
3005,730.1
3006,756.6
3007,962.0
3008,1000.0
3009,1032.9
3010,1055.2
3011,1060.3
3012,1069.9
3013,1068.7
3014,1064.7
3015,1072.1
3016,1075.2
3017,1074.7
3018,1132.1
3019,1308.1
3020,1286.5
3021,1237.8
3022,1151.9
3023,843.4
3024,782.2
3025,748.7
3026,730.7
3027,722.2
3028,720.9
3029,732.6
3030,762.5
3031,941.6
3032,980.4
3033,1014.4
3034,1034.5
3035,1041.4
3036,1052.0
3037,1052.9
3038,1046.5
3039,1049.7
3040,1054.0
3041,1056.7
3042,1119.3
3043,1375.4
3044,1347.1
3045,1282.1
3046,1205.6
3047,834.4
3048,783.2
3049,733.8
3050,729.3
3051,719.1
3052,717.4
3053,728.6
3054,758.3
3055,987.2
3056,1021.8
3057,1059.6
3058,1083.9
3059,1086.4
3060,1095.0
3061,1096.6
3062,1090.6
3063,1093.1
3064,1097.7
3065,1101.3
3066,1145.5
3067,1395.8
3068,1386.5
3069,1341.8
3070,1249.1
3071,851.2
3072,795.6
3073,739.65
3074,717.56
3075,714.47
3076,712.86
3077,722.96
3078,751.51
3079,954.41
3080,980.4100000000001
3081,1014.95
3082,1035.1
3083,1039.1
3084,1049.41
3085,1049.53
3086,1041.05
3087,1053.48
3088,1057.98
3089,1046.69
3090,1070.65
3091,1341.87
3092,1361.02
3093,1291.0700000000002
3094,1203.48
3095,826.5
3096,770.12
3097,739.62
3098,722.73
3099,715.68
3100,714.61
3101,725.48
3102,759.17
3103,949.44
3104,976.77
3105,1010.9
3106,1027.13
3107,1037.96
3108,1041.75
3109,1037.05
3110,1042.67
3111,1045.13
3112,1038.54
3113,1030.99
3114,1028.73
3115,1293.27
3116,1375.42
3117,1322.3200000000002
3118,1219.94
3119,839.63
3120,779.29
3121,771.6
3122,752.62
3123,744.72
3124,742.43
3125,752.81
3126,767.66
3127,1007.03
3128,1042.54
3129,1061.55
3130,1094.83
3131,1109.59
3132,1117.65
3133,1116.55
3134,1104.66
3135,1110.66
3136,1116.81
3137,1117.08
3138,1119.02
3139,1326.6599999999999
3140,1400.0
3141,1382.98
3142,1283.55
3143,1169.46
3144,1104.55
3145,806.12
3146,785.31
3147,775.26
3148,766.1800000000001
3149,775.17
3150,784.78
3151,1012.38
3152,1060.21
3153,1098.43
3154,1122.46
3155,1138.73
3156,1143.66
3157,1143.88
3158,1137.43
3159,1146.21
3160,1146.67
3161,1125.63
3162,1137.53
3163,1327.62
3164,1400.0
3165,1400.0
3166,1309.99
3167,1194.67
3168,1137.8600000000001
3169,777.6
3170,757.8
3171,747.7
3172,744.2
3173,753.6
3174,770.2
3175,1000.3
3176,1040.2
3177,1075.0
3178,1093.0
3179,1103.3
3180,1117.5
3181,1114.1
3182,1108.4
3183,1111.8
3184,1116.2
3185,1108.0
3186,1108.9
3187,1292.6
3188,1399.8
3189,1338.6
3190,1254.3
3191,1163.5
3192,1103.3
3193,743.3
3194,726.4
3195,717.9
3196,716.5
3197,725.0
3198,747.1
3199,974.2
3200,1015.0
3201,1048.5
3202,1064.1
3203,1073.5
3204,1085.0
3205,1089.6
3206,1083.3
3207,1086.0
3208,1088.0
3209,1090.4
3210,1098.3
3211,1258.6
3212,1338.6
3213,1285.5
3214,1201.4
3215,1106.6
3216,1052.4
3217,755.9
3218,737.0
3219,728.3
3220,725.7
3221,733.1
3222,753.4
3223,930.5
3224,972.2
3225,1005.5
3226,1029.0
3227,1039.8
3228,1050.2
3229,1048.9
3230,1043.0
3231,1044.0
3232,1047.6
3233,1045.3
3234,1042.2
3235,1204.3
3236,1320.6
3237,1273.3
3238,1187.3
3239,846.2
3240,789.7
3241,754.6
3242,736.1
3243,727.7
3244,725.3
3245,735.0
3246,759.2
3247,937.8
3248,979.0
3249,1010.1
3250,1032.8
3251,1036.6
3252,1048.2
3253,1049.2
3254,1043.4
3255,1044.4
3256,1047.2
3257,1047.2
3258,1056.7
3259,1209.0
3260,1298.7
3261,1243.6
3262,1171.8
3263,838.5
3264,787.8
3265,747.7
3266,731.3
3267,723.3
3268,722.1
3269,732.3
3270,759.4
3271,940.5
3272,977.6
3273,1006.3
3274,1025.0
3275,1028.6
3276,1035.6
3277,1040.0
3278,1036.3
3279,1032.5
3280,1036.1
3281,1047.2
3282,1083.7
3283,1257.5
3284,1290.8
3285,1225.6
3286,1153.9
3287,834.7
3288,780.5
3289,747.6
3290,729.4
3291,721.0
3292,719.4
3293,730.1
3294,756.6
3295,962.0
3296,1000.0
3297,1032.9
3298,1055.2
3299,1060.3
3300,1069.9
3301,1068.7
3302,1064.7
3303,1072.1
3304,1075.2
3305,1074.7
3306,1132.1
3307,1308.1
3308,1286.5
3309,1237.8
3310,1151.9
3311,843.4
3312,782.2
3313,748.7
3314,730.7
3315,722.2
3316,720.9
3317,732.6
3318,762.5
3319,941.6
3320,980.4
3321,1014.4
3322,1034.5
3323,1041.4
3324,1052.0
3325,1052.9
3326,1046.5
3327,1049.7
3328,1054.0
3329,1056.7
3330,1119.3
3331,1375.4
3332,1347.1
3333,1282.1
3334,1205.6
3335,834.4
3336,783.2
3337,733.8
3338,729.3
3339,719.1
3340,717.4
3341,728.6
3342,758.3
3343,987.2
3344,1021.8
3345,1059.6
3346,1083.9
3347,1086.4
3348,1095.0
3349,1096.6
3350,1090.6
3351,1093.1
3352,1097.7
3353,1101.3
3354,1145.5
3355,1395.8
3356,1386.5
3357,1341.8
3358,1249.1
3359,851.2
3360,795.6
3361,739.65
3362,717.56
3363,714.47
3364,712.86
3365,722.96
3366,751.51
3367,954.41
3368,980.4100000000001
3369,1014.95
3370,1035.1
3371,1039.1
3372,1049.41
3373,1049.53
3374,1041.05
3375,1053.48
3376,1057.98
3377,1046.69
3378,1070.65
3379,1341.87
3380,1361.02
3381,1291.0700000000002
3382,1203.48
3383,826.5
3384,770.12
3385,739.62
3386,722.73
3387,715.68
3388,714.61
3389,725.48
3390,759.17
3391,949.44
3392,976.77
3393,1010.9
3394,1027.13
3395,1037.96
3396,1041.75
3397,1037.05
3398,1042.67
3399,1045.13
3400,1038.54
3401,1030.99
3402,1028.73
3403,1293.27
3404,1375.42
3405,1322.3200000000002
3406,1219.94
3407,839.63
3408,779.29
3409,771.6
3410,752.62
3411,744.72
3412,742.43
3413,752.81
3414,767.66
3415,1007.03
3416,1042.54
3417,1061.55
3418,1094.83
3419,1109.59
3420,1117.65
3421,1116.55
3422,1104.66
3423,1110.66
3424,1116.81
3425,1117.08
3426,1119.02
3427,1326.6599999999999
3428,1400.0
3429,1382.98
3430,1283.55
3431,1169.46
3432,1104.55
3433,806.12
3434,785.31
3435,775.26
3436,766.1800000000001
3437,775.17
3438,784.78
3439,1012.38
3440,1060.21
3441,1098.43
3442,1122.46
3443,1138.73
3444,1143.66
3445,1143.88
3446,1137.43
3447,1146.21
3448,1146.67
3449,1125.63
3450,1137.53
3451,1327.62
3452,1400.0
3453,1400.0
3454,1309.99
3455,1194.67
3456,1137.8600000000001
3457,777.6
3458,757.8
3459,747.7
3460,744.2
3461,753.6
3462,770.2
3463,1000.3
3464,1040.2
3465,1075.0
3466,1093.0
3467,1103.3
3468,1117.5
3469,1114.1
3470,1108.4
3471,1111.8
3472,1116.2
3473,1108.0
3474,1108.9
3475,1292.6
3476,1399.8
3477,1338.6
3478,1254.3
3479,1163.5
3480,1103.3
3481,743.3
3482,726.4
3483,717.9
3484,716.5
3485,725.0
3486,747.1
3487,974.2
3488,1015.0
3489,1048.5
3490,1064.1
3491,1073.5
3492,1085.0
3493,1089.6
3494,1083.3
3495,1086.0
3496,1088.0
3497,1090.4
3498,1098.3
3499,1258.6
3500,1338.6
3501,1285.5
3502,1201.4
3503,1106.6
3504,1052.4
3505,755.9
3506,737.0
3507,728.3
3508,725.7
3509,733.1
3510,753.4
3511,930.5
3512,972.2
3513,1005.5
3514,1029.0
3515,1039.8
3516,1050.2
3517,1048.9
3518,1043.0
3519,1044.0
3520,1047.6
3521,1045.3
3522,1042.2
3523,1204.3
3524,1320.6
3525,1273.3
3526,1187.3
3527,846.2
3528,789.7
3529,754.6
3530,736.1
3531,727.7
3532,725.3
3533,735.0
3534,759.2
3535,937.8
3536,979.0
3537,1010.1
3538,1032.8
3539,1036.6
3540,1048.2
3541,1049.2
3542,1043.4
3543,1044.4
3544,1047.2
3545,1047.2
3546,1056.7
3547,1209.0
3548,1298.7
3549,1243.6
3550,1171.8
3551,838.5
3552,787.8
3553,747.7
3554,731.3
3555,723.3
3556,722.1
3557,732.3
3558,759.4
3559,940.5
3560,977.6
3561,1006.3
3562,1025.0
3563,1028.6
3564,1035.6
3565,1040.0
3566,1036.3
3567,1032.5
3568,1036.1
3569,1047.2
3570,1083.7
3571,1257.5
3572,1290.8
3573,1225.6
3574,1153.9
3575,834.7
3576,780.5
3577,747.6
3578,729.4
3579,721.0
3580,719.4
3581,730.1
3582,756.6
3583,962.0
3584,1000.0
3585,1032.9
3586,1055.2
3587,1060.3
3588,1069.9
3589,1068.7
3590,1064.7
3591,1072.1
3592,1075.2
3593,1074.7
3594,1132.1
3595,1308.1
3596,1286.5
3597,1237.8
3598,1151.9
3599,843.4
3600,782.2
3601,748.7
3602,730.7
3603,722.2
3604,720.9
3605,732.6
3606,762.5
3607,941.6
3608,980.4
3609,1014.4
3610,1034.5
3611,1041.4
3612,1052.0
3613,1052.9
3614,1046.5
3615,1049.7
3616,1054.0
3617,1056.7
3618,1119.3
3619,1375.4
3620,1347.1
3621,1282.1
3622,1205.6
3623,834.4
3624,783.2
3625,733.8
3626,729.3
3627,719.1
3628,717.4
3629,728.6
3630,758.3
3631,987.2
3632,1021.8
3633,1059.6
3634,1083.9
3635,1086.4
3636,1095.0
3637,1096.6
3638,1090.6
3639,1093.1
3640,1097.7
3641,1101.3
3642,1145.5
3643,1395.8
3644,1386.5
3645,1341.8
3646,1249.1
3647,851.2
3648,795.6
3649,739.65
3650,717.56
3651,714.47
3652,712.86
3653,722.96
3654,751.51
3655,954.41
3656,980.4100000000001
3657,1014.95
3658,1035.1
3659,1039.1
3660,1049.41
3661,1049.53
3662,1041.05
3663,1053.48
3664,1057.98
3665,1046.69
3666,1070.65
3667,1341.87
3668,1361.02
3669,1291.0700000000002
3670,1203.48
3671,826.5
3672,770.12
3673,739.62
3674,722.73
3675,715.68
3676,714.61
3677,725.48
3678,759.17
3679,949.44
3680,976.77
3681,1010.9
3682,1027.13
3683,1037.96
3684,1041.75
3685,1037.05
3686,1042.67
3687,1045.13
3688,1038.54
3689,1030.99
3690,1028.73
3691,1293.27
3692,1375.42
3693,1322.3200000000002
3694,1219.94
3695,839.63
3696,779.29
3697,771.6
3698,752.62
3699,744.72
3700,742.43
3701,752.81
3702,767.66
3703,1007.03
3704,1042.54
3705,1061.55
3706,1094.83
3707,1109.59
3708,1117.65
3709,1116.55
3710,1104.66
3711,1110.66
3712,1116.81
3713,1117.08
3714,1119.02
3715,1326.6599999999999
3716,1400.0
3717,1382.98
3718,1283.55
3719,1169.46
3720,1104.55
3721,806.12
3722,785.31
3723,775.26
3724,766.1800000000001
3725,775.17
3726,784.78
3727,1012.38
3728,1060.21
3729,1098.43
3730,1122.46
3731,1138.73
3732,1143.66
3733,1143.88
3734,1137.43
3735,1146.21
3736,1146.67
3737,1125.63
3738,1137.53
3739,1327.62
3740,1400.0
3741,1400.0
3742,1309.99
3743,1194.67
3744,1137.8600000000001
3745,777.6
3746,757.8
3747,747.7
3748,744.2
3749,753.6
3750,770.2
3751,1000.3
3752,1040.2
3753,1075.0
3754,1093.0
3755,1103.3
3756,1117.5
3757,1114.1
3758,1108.4
3759,1111.8
3760,1116.2
3761,1108.0
3762,1108.9
3763,1292.6
3764,1399.8
3765,1338.6
3766,1254.3
3767,1163.5
3768,1103.3
3769,743.3
3770,726.4
3771,717.9
3772,716.5
3773,725.0
3774,747.1
3775,974.2
3776,1015.0
3777,1048.5
3778,1064.1
3779,1073.5
3780,1085.0
3781,1089.6
3782,1083.3
3783,1086.0
3784,1088.0
3785,1090.4
3786,1098.3
3787,1258.6
3788,1338.6
3789,1285.5
3790,1201.4
3791,1106.6
3792,1052.4
3793,755.9
3794,737.0
3795,728.3
3796,725.7
3797,733.1
3798,753.4
3799,930.5
3800,972.2
3801,1005.5
3802,1029.0
3803,1039.8
3804,1050.2
3805,1048.9
3806,1043.0
3807,1044.0
3808,1047.6
3809,1045.3
3810,1042.2
3811,1204.3
3812,1320.6
3813,1273.3
3814,1187.3
3815,846.2
3816,789.7
3817,754.6
3818,736.1
3819,727.7
3820,725.3
3821,735.0
3822,759.2
3823,937.8
3824,979.0
3825,1010.1
3826,1032.8
3827,1036.6
3828,1048.2
3829,1049.2
3830,1043.4
3831,1044.4
3832,1047.2
3833,1047.2
3834,1056.7
3835,1209.0
3836,1298.7
3837,1243.6
3838,1171.8
3839,838.5
3840,787.8
3841,747.7
3842,731.3
3843,723.3
3844,722.1
3845,732.3
3846,759.4
3847,940.5
3848,977.6
3849,1006.3
3850,1025.0
3851,1028.6
3852,1035.6
3853,1040.0
3854,1036.3
3855,1032.5
3856,1036.1
3857,1047.2
3858,1083.7
3859,1257.5
3860,1290.8
3861,1225.6
3862,1153.9
3863,834.7
3864,780.5
3865,747.6
3866,729.4
3867,721.0
3868,719.4
3869,730.1
3870,756.6
3871,962.0
3872,1000.0
3873,1032.9
3874,1055.2
3875,1060.3
3876,1069.9
3877,1068.7
3878,1064.7
3879,1072.1
3880,1075.2
3881,1074.7
3882,1132.1
3883,1308.1
3884,1286.5
3885,1237.8
3886,1151.9
3887,843.4
3888,782.2
3889,748.7
3890,730.7
3891,722.2
3892,720.9
3893,732.6
3894,762.5
3895,941.6
3896,980.4
3897,1014.4
3898,1034.5
3899,1041.4
3900,1052.0
3901,1052.9
3902,1046.5
3903,1049.7
3904,1054.0
3905,1056.7
3906,1119.3
3907,1375.4
3908,1347.1
3909,1282.1
3910,1205.6
3911,834.4
3912,783.2
3913,733.8
3914,729.3
3915,719.1
3916,717.4
3917,728.6
3918,758.3
3919,987.2
3920,1021.8
3921,1059.6
3922,1083.9
3923,1086.4
3924,1095.0
3925,1096.6
3926,1090.6
3927,1093.1
3928,1097.7
3929,1101.3
3930,1145.5
3931,1395.8
3932,1386.5
3933,1341.8
3934,1249.1
3935,851.2
3936,795.6
3937,739.65
3938,717.56
3939,714.47
3940,712.86
3941,722.96
3942,751.51
3943,954.41
3944,980.4100000000001
3945,1014.95
3946,1035.1
3947,1039.1
3948,1049.41
3949,1049.53
3950,1041.05
3951,1053.48
3952,1057.98
3953,1046.69
3954,1070.65
3955,1341.87
3956,1361.02
3957,1291.0700000000002
3958,1203.48
3959,826.5
3960,770.12
3961,739.62
3962,722.73
3963,715.68
3964,714.61
3965,725.48
3966,759.17
3967,949.44
3968,976.77
3969,1010.9
3970,1027.13
3971,1037.96
3972,1041.75
3973,1037.05
3974,1042.67
3975,1045.13
3976,1038.54
3977,1030.99
3978,1028.73
3979,1293.27
3980,1375.42
3981,1322.3200000000002
3982,1219.94
3983,839.63
3984,779.29
3985,771.6
3986,752.62
3987,744.72
3988,742.43
3989,752.81
3990,767.66
3991,1007.03
3992,1042.54
3993,1061.55
3994,1094.83
3995,1109.59
3996,1117.65
3997,1116.55
3998,1104.66
3999,1110.66
4000,1116.81
4001,1117.08
4002,1119.02
4003,1326.6599999999999
4004,1400.0
4005,1382.98
4006,1283.55
4007,1169.46
4008,1104.55
4009,806.12
4010,785.31
4011,775.26
4012,766.1800000000001
4013,775.17
4014,784.78
4015,1012.38
4016,1060.21
4017,1098.43
4018,1122.46
4019,1138.73
4020,1143.66
4021,1143.88
4022,1137.43
4023,1146.21
4024,1146.67
4025,1125.63
4026,1137.53
4027,1327.62
4028,1400.0
4029,1400.0
4030,1309.99
4031,1194.67
4032,1137.8600000000001
4033,777.6
4034,757.8
4035,747.7
4036,744.2
4037,753.6
4038,770.2
4039,1000.3
4040,1040.2
4041,1075.0
4042,1093.0
4043,1103.3
4044,1117.5
4045,1114.1
4046,1108.4
4047,1111.8
4048,1116.2
4049,1108.0
4050,1108.9
4051,1292.6
4052,1399.8
4053,1338.6
4054,1254.3
4055,1163.5
4056,1103.3
4057,743.3
4058,726.4
4059,717.9
4060,716.5
4061,725.0
4062,747.1
4063,974.2
4064,1015.0
4065,1048.5
4066,1064.1
4067,1073.5
4068,1085.0
4069,1089.6
4070,1083.3
4071,1086.0
4072,1088.0
4073,1090.4
4074,1098.3
4075,1258.6
4076,1338.6
4077,1285.5
4078,1201.4
4079,1106.6
4080,1052.4
4081,755.9
4082,737.0
4083,728.3
4084,725.7
4085,733.1
4086,753.4
4087,930.5
4088,972.2
4089,1005.5
4090,1029.0
4091,1039.8
4092,1050.2
4093,1048.9
4094,1043.0
4095,1044.0
4096,1047.6
4097,1045.3
4098,1042.2
4099,1204.3
4100,1320.6
4101,1273.3
4102,1187.3
4103,846.2
4104,789.7
4105,754.6
4106,736.1
4107,727.7
4108,725.3
4109,735.0
4110,759.2
4111,937.8
4112,979.0
4113,1010.1
4114,1032.8
4115,1036.6
4116,1048.2
4117,1049.2
4118,1043.4
4119,1044.4
4120,1047.2
4121,1047.2
4122,1056.7
4123,1209.0
4124,1298.7
4125,1243.6
4126,1171.8
4127,838.5
4128,787.8
4129,747.7
4130,731.3
4131,723.3
4132,722.1
4133,732.3
4134,759.4
4135,940.5
4136,977.6
4137,1006.3
4138,1025.0
4139,1028.6
4140,1035.6
4141,1040.0
4142,1036.3
4143,1032.5
4144,1036.1
4145,1047.2
4146,1083.7
4147,1257.5
4148,1290.8
4149,1225.6
4150,1153.9
4151,834.7
4152,780.5
4153,747.6
4154,729.4
4155,721.0
4156,719.4
4157,730.1
4158,756.6
4159,962.0
4160,1000.0
4161,1032.9
4162,1055.2
4163,1060.3
4164,1069.9
4165,1068.7
4166,1064.7
4167,1072.1
4168,1075.2
4169,1074.7
4170,1132.1
4171,1308.1
4172,1286.5
4173,1237.8
4174,1151.9
4175,843.4
4176,782.2
4177,748.7
4178,730.7
4179,722.2
4180,720.9
4181,732.6
4182,762.5
4183,941.6
4184,980.4
4185,1014.4
4186,1034.5
4187,1041.4
4188,1052.0
4189,1052.9
4190,1046.5
4191,1049.7
4192,1054.0
4193,1056.7
4194,1119.3
4195,1375.4
4196,1347.1
4197,1282.1
4198,1205.6
4199,834.4
4200,783.2
4201,733.8
4202,729.3
4203,719.1
4204,717.4
4205,728.6
4206,758.3
4207,987.2
4208,1021.8
4209,1059.6
4210,1083.9
4211,1086.4
4212,1095.0
4213,1096.6
4214,1090.6
4215,1093.1
4216,1097.7
4217,1101.3
4218,1145.5
4219,1395.8
4220,1386.5
4221,1341.8
4222,1249.1
4223,851.2
4224,795.6
4225,739.65
4226,717.56
4227,714.47
4228,712.86
4229,722.96
4230,751.51
4231,954.41
4232,980.4100000000001
4233,1014.95
4234,1035.1
4235,1039.1
4236,1049.41
4237,1049.53
4238,1041.05
4239,1053.48
4240,1057.98
4241,1046.69
4242,1070.65
4243,1341.87
4244,1361.02
4245,1291.0700000000002
4246,1203.48
4247,826.5
4248,770.12
4249,739.62
4250,722.73
4251,715.68
4252,714.61
4253,725.48
4254,759.17
4255,949.44
4256,976.77
4257,1010.9
4258,1027.13
4259,1037.96
4260,1041.75
4261,1037.05
4262,1042.67
4263,1045.13
4264,1038.54
4265,1030.99
4266,1028.73
4267,1293.27
4268,1375.42
4269,1322.3200000000002
4270,1219.94
4271,839.63
4272,779.29
4273,771.6
4274,752.62
4275,744.72
4276,742.43
4277,752.81
4278,767.66
4279,1007.03
4280,1042.54
4281,1061.55
4282,1094.83
4283,1109.59
4284,1117.65
4285,1116.55
4286,1104.66
4287,1110.66
4288,1116.81
4289,1117.08
4290,1119.02
4291,1326.6599999999999
4292,1400.0
4293,1382.98
4294,1283.55
4295,1169.46
4296,1104.55
4297,806.12
4298,785.31
4299,775.26
4300,766.1800000000001
4301,775.17
4302,784.78
4303,1012.38
4304,1060.21
4305,1098.43
4306,1122.46
4307,1138.73
4308,1143.66
4309,1143.88
4310,1137.43
4311,1146.21
4312,1146.67
4313,1125.63
4314,1137.53
4315,1327.62
4316,1400.0
4317,1400.0
4318,1309.99
4319,1194.67
4320,1137.8600000000001
